Overall rank,Country,Score,GDP per capita,Social support,Healthy life expectancy,Freedom to make life choices,Generosity,Perceptions of corruption,Year
1,Norway,7.53700017929077,1.61646318435669,1.53352355957031,0.796666502952576,0.635422587394714,0.36201223731041,0.315963834524155,2017
2,Denmark,7.52199983596802,1.48238301277161,1.55112159252167,0.792565524578094,0.626006722450256,0.355280488729477,0.40077006816864,2017
3,Iceland,7.50400018692017,1.480633020401,1.6105740070343,0.833552122116089,0.627162635326385,0.475540220737457,0.153526559472084,2017
4,Switzerland,7.49399995803833,1.56497955322266,1.51691174507141,0.858131289482117,0.620070576667786,0.290549278259277,0.367007285356522,2017
5,Finland,7.4689998626709,1.44357192516327,1.5402467250824,0.80915766954422,0.617950856685638,0.24548277258873,0.38261154294014,2017
6,Netherlands,7.3769998550415,1.50394463539124,1.42893922328949,0.810696125030518,0.585384488105774,0.470489829778671,0.282661825418472,2017
7,Canada,7.31599998474121,1.47920441627502,1.48134899139404,0.83455765247345,0.611100912094116,0.435539722442627,0.287371516227722,2017
8,New Zealand,7.31400012969971,1.40570604801178,1.54819512367249,0.816759705543518,0.614062130451202,0.500005125999451,0.382816702127457,2017
9,Sweden,7.28399991989136,1.49438726902008,1.47816216945648,0.830875158309937,0.612924098968506,0.385399252176285,0.384398728609085,2017
10,Australia,7.28399991989136,1.484414935112,1.51004195213318,0.84388679265976,0.601607382297516,0.477699249982834,0.301183730363846,2017
11,Israel,7.21299982070923,1.37538242340088,1.37628996372223,0.83840399980545,0.405988603830338,0.330082654953003,0.0852421000599861,2017
12,Costa Rica,7.0789999961853,1.10970628261566,1.41640365123749,0.759509265422821,0.580131649971008,0.214613229036331,0.100106589496136,2017
13,Austria,7.00600004196167,1.48709726333618,1.4599449634552,0.815328419208527,0.567766189575195,0.316472321748734,0.221060365438461,2017
14,United States,6.99300003051758,1.54625928401947,1.41992056369781,0.77428662776947,0.505740523338318,0.392578780651093,0.135638788342476,2017
15,Ireland,6.97700023651123,1.53570663928986,1.55823111534119,0.80978262424469,0.573110342025757,0.42785832285881,0.29838815331459,2017
16,Germany,6.95100021362305,1.48792338371277,1.47252035140991,0.798950731754303,0.562511384487152,0.336269170045853,0.276731938123703,2017
17,Belgium,6.89099979400635,1.46378076076508,1.46231269836426,0.818091869354248,0.539770722389221,0.231503337621689,0.251343131065369,2017
18,Luxembourg,6.86299991607666,1.74194359779358,1.45758366584778,0.845089495182037,0.59662789106369,0.283180981874466,0.31883442401886,2017
19,United Kingdom,6.71400022506714,1.44163393974304,1.49646008014679,0.805335938930511,0.508190035820007,0.492774158716202,0.265428066253662,2017
20,Chile,6.65199995040894,1.25278460979462,1.28402495384216,0.819479703903198,0.376895278692245,0.326662421226501,0.0822879821062088,2017
21,United Arab Emirates,6.64799976348877,1.62634336948395,1.26641023159027,0.726798236370087,0.60834527015686,0.3609419465065,0.324489563703537,2017
22,Brazil,6.63500022888184,1.10735321044922,1.43130600452423,0.616552352905273,0.437453746795654,0.16234989464283,0.111092761158943,2017
23,Czech Republic,6.60900020599365,1.35268235206604,1.43388521671295,0.754444003105164,0.490946173667908,0.0881067588925362,0.0368729270994663,2017
24,Argentina,6.59899997711182,1.18529546260834,1.44045114517212,0.695137083530426,0.494519203901291,0.109457060694695,0.059739887714386,2017
25,Mexico,6.57800006866455,1.15318381786346,1.210862159729,0.709978997707367,0.412730008363724,0.120990432798862,0.132774114608765,2017
26,Singapore,6.57200002670288,1.69227766990662,1.35381436347961,0.949492394924164,0.549840569496155,0.345965981483459,0.46430778503418,2017
27,Malta,6.52699995040894,1.34327983856201,1.48841166496277,0.821944236755371,0.588767051696777,0.574730575084686,0.153066068887711,2017
28,Uruguay,6.4539999961853,1.21755969524384,1.41222786903381,0.719216823577881,0.57939225435257,0.175096929073334,0.178061872720718,2017
29,Guatemala,6.4539999961853,0.872001945972443,1.25558519363403,0.540239989757538,0.531310617923737,0.283488392829895,0.0772232785820961,2017
30,Panama,6.4520001411438,1.23374843597412,1.37319254875183,0.706156134605408,0.550026834011078,0.21055693924427,0.070983923971653,2017
31,France,6.44199991226196,1.43092346191406,1.38777685165405,0.844465851783752,0.470222115516663,0.129762306809425,0.172502428293228,2017
32,Thailand,6.42399978637695,1.12786877155304,1.42579245567322,0.647239029407501,0.580200731754303,0.572123110294342,0.0316127352416515,2017
33,Taiwan Province of China,6.42199993133545,1.43362653255463,1.38456535339355,0.793984234333038,0.361466586589813,0.258360475301743,0.0638292357325554,2017
34,Spain,6.40299987792969,1.38439786434174,1.53209090232849,0.888960599899292,0.408781230449677,0.190133571624756,0.0709140971302986,2017
35,Qatar,6.375,1.87076568603516,1.27429687976837,0.710098087787628,0.604130983352661,0.330473870038986,0.439299255609512,2017
36,Colombia,6.35699987411499,1.07062232494354,1.4021829366684,0.595027923583984,0.477487415075302,0.149014472961426,0.0466687418520451,2017
37,Saudi Arabia,6.3439998626709,1.53062355518341,1.28667759895325,0.590148329734802,0.449750572443008,0.147616013884544,0.27343225479126,2017
38,Trinidad and Tobago,6.16800022125244,1.36135590076447,1.3802285194397,0.519983291625977,0.518630743026733,0.325296461582184,0.0089648161083459,2017
39,Kuwait,6.10500001907349,1.63295245170593,1.25969874858856,0.632105708122253,0.496337592601776,0.228289797902107,0.215159550309181,2017
40,Slovakia,6.09800004959106,1.32539355754852,1.50505924224854,0.712732911109924,0.295817464590073,0.136544480919838,0.0242108516395092,2017
41,Bahrain,6.08699989318848,1.48841226100922,1.32311046123505,0.653133034706116,0.536746919155121,0.172668486833572,0.257042169570923,2017
42,Malaysia,6.08400011062622,1.29121541976929,1.28464603424072,0.618784427642822,0.402264982461929,0.416608929634094,0.0656007081270218,2017
43,Nicaragua,6.07100009918213,0.737299203872681,1.28721570968628,0.653095960617065,0.447551846504211,0.301674216985703,0.130687981843948,2017
44,Ecuador,6.00799989700317,1.00082039833069,1.28616881370544,0.685636222362518,0.4551981985569,0.150112465023994,0.140134647488594,2017
45,El Salvador,6.00299978256226,0.909784495830536,1.18212509155273,0.596018552780151,0.432452529668808,0.0782579854130745,0.0899809598922729,2017
46,Poland,5.97300004959106,1.29178786277771,1.44571197032928,0.699475347995758,0.520342111587524,0.158465966582298,0.0593078061938286,2017
47,Uzbekistan,5.97100019454956,0.786441087722778,1.54896914958954,0.498272627592087,0.658248662948608,0.415983647108078,0.246528223156929,2017
48,Italy,5.96400022506714,1.39506661891937,1.44492328166962,0.853144347667694,0.256450712680817,0.17278964817524,0.0280280914157629,2017
49,Russia,5.96299982070923,1.28177809715271,1.46928238868713,0.547349333763123,0.373783111572266,0.0522638224065304,0.0329628810286522,2017
50,Belize,5.95599985122681,0.907975316047668,1.08141779899597,0.450191766023636,0.547509372234344,0.240015640854836,0.0965810716152191,2017
51,Japan,5.92000007629395,1.41691517829895,1.43633782863617,0.913475871086121,0.505625545978546,0.12057276815176,0.163760736584663,2017
52,Lithuania,5.90199995040894,1.31458234786987,1.47351610660553,0.62894994020462,0.234231784939766,0.010164656676352,0.0118656428530812,2017
53,Algeria,5.87200021743774,1.09186446666718,1.1462174654007,0.617584645748138,0.233335807919502,0.0694366469979286,0.146096110343933,2017
54,Latvia,5.84999990463257,1.26074862480164,1.40471494197845,0.638566970825195,0.325707912445068,0.153074786067009,0.0738427266478539,2017
55,South Korea,5.83799982070923,1.40167844295502,1.12827444076538,0.900214076042175,0.257921665906906,0.206674367189407,0.0632826685905457,2017
56,Moldova,5.83799982070923,0.728870630264282,1.25182557106018,0.589465200901031,0.240729048848152,0.208779126405716,0.0100912861526012,2017
57,Romania,5.82499980926514,1.21768391132355,1.15009129047394,0.685158312320709,0.457003742456436,0.133519917726517,0.00438790069893,2017
58,Bolivia,5.82299995422363,0.833756566047668,1.22761905193329,0.473630249500275,0.558732926845551,0.22556072473526,0.0604777261614799,2017
59,Turkmenistan,5.82200002670288,1.13077676296234,1.49314916133881,0.437726080417633,0.41827192902565,0.24992498755455,0.259270340204239,2017
60,Kazakhstan,5.81899976730347,1.28455626964569,1.38436901569366,0.606041550636292,0.437454283237457,0.201964423060417,0.119282886385918,2017
61,North Cyprus,5.80999994277954,1.3469113111496,1.18630337715149,0.834647238254547,0.471203625202179,0.266845703125,0.155353352427483,2017
62,Slovenia,5.75799989700317,1.3412059545517,1.45251882076263,0.790828227996826,0.572575807571411,0.242649093270302,0.0451289787888527,2017
63,Peru,5.71500015258789,1.03522527217865,1.21877038478851,0.630166113376617,0.450002878904343,0.126819714903831,0.0470490865409374,2017
64,Mauritius,5.62900018692017,1.18939554691315,1.20956099033356,0.638007462024689,0.491247326135635,0.360933750867844,0.0421815551817417,2017
65,Cyprus,5.62099981307983,1.35593807697296,1.13136327266693,0.84471470117569,0.355111539363861,0.271254301071167,0.0412379764020443,2017
66,Estonia,5.61100006103516,1.32087934017181,1.47667109966278,0.695168316364288,0.479131430387497,0.0988908112049103,0.183248922228813,2017
67,Belarus,5.56899976730347,1.15655755996704,1.44494521617889,0.637714266777039,0.295400261878967,0.15513750910759,0.156313821673393,2017
68,Libya,5.52500009536743,1.10180306434631,1.35756433010101,0.520169019699097,0.465733230113983,0.152073666453362,0.0926102101802826,2017
69,Turkey,5.5,1.19827437400818,1.33775317668915,0.637605607509613,0.300740599632263,0.0466930419206619,0.0996715798974037,2017
70,Paraguay,5.49300003051758,0.932537317276001,1.50728487968445,0.579250693321228,0.473507791757584,0.224150657653809,0.091065913438797,2017
71,"Hong Kong S.A.R., China",5.47200012207031,1.55167484283447,1.26279091835022,0.943062424659729,0.490968644618988,0.374465793371201,0.293933749198914,2017
72,Philippines,5.42999982833862,0.85769921541214,1.25391757488251,0.468009054660797,0.585214674472809,0.193513423204422,0.0993318930268288,2017
73,Serbia,5.39499998092651,1.06931757926941,1.25818979740143,0.65078467130661,0.208715528249741,0.220125883817673,0.0409037806093693,2017
74,Jordan,5.33599996566772,0.991012394428253,1.23908889293671,0.604590058326721,0.418421149253845,0.172170460224152,0.11980327218771,2017
75,Hungary,5.32399988174438,1.2860119342804,1.34313309192657,0.687763452529907,0.175863519310951,0.0784016624093056,0.0366369374096394,2017
76,Jamaica,5.31099987030029,0.925579309463501,1.36821806430817,0.641022384166718,0.474307239055634,0.233818337321281,0.0552677810192108,2017
77,Croatia,5.29300022125244,1.22255623340607,0.96798300743103,0.701288521289825,0.255772292613983,0.248002976179123,0.0431031100451946,2017
78,Kosovo,5.27899980545044,0.951484382152557,1.13785350322723,0.541452050209045,0.260287940502167,0.319931447505951,0.0574716180562973,2017
79,China,5.27299976348877,1.08116579055786,1.16083741188049,0.741415500640869,0.472787708044052,0.0288068410009146,0.0227942746132612,2017
80,Pakistan,5.26900005340576,0.72688353061676,0.672690689563751,0.402047783136368,0.23521526157856,0.315446019172668,0.124348066747189,2017
81,Indonesia,5.26200008392334,0.995538592338562,1.27444469928741,0.492345720529556,0.443323463201523,0.611704587936401,0.0153171354904771,2017
82,Venezuela,5.25,1.12843120098114,1.43133759498596,0.617144227027893,0.153997123241425,0.0650196298956871,0.0644911229610443,2017
83,Montenegro,5.23699998855591,1.12112903594971,1.23837649822235,0.667464673519135,0.194989055395126,0.197911024093628,0.0881741940975189,2017
84,Morocco,5.2350001335144,0.878114581108093,0.774864435195923,0.59771066904068,0.408158332109451,0.0322099551558495,0.0877631828188896,2017
85,Azerbaijan,5.23400020599365,1.15360176563263,1.15240025520325,0.540775775909424,0.398155838251114,0.0452693402767181,0.180987507104874,2017
86,Dominican Republic,5.23000001907349,1.07937383651733,1.40241670608521,0.574873745441437,0.55258983373642,0.186967849731445,0.113945253193378,2017
87,Greece,5.22700023651123,1.28948748111725,1.23941457271576,0.810198903083801,0.0957312509417534,0.0,0.04328977689147,2017
88,Lebanon,5.22499990463257,1.07498753070831,1.12962424755096,0.735081076622009,0.288515985012054,0.264450758695602,0.037513829767704,2017
89,Portugal,5.19500017166138,1.3151752948761,1.36704301834106,0.795843541622162,0.498465299606323,0.0951027125120163,0.0158694516867399,2017
90,Bosnia and Herzegovina,5.18200016021729,0.982409417629242,1.0693359375,0.705186307430267,0.204403176903725,0.328867495059967,0.0,2017
91,Honduras,5.18100023269653,0.730573117733002,1.14394497871399,0.582569479942322,0.348079860210419,0.236188873648643,0.0733454525470734,2017
92,Macedonia,5.17500019073486,1.06457793712616,1.20789301395416,0.644948184490204,0.325905978679657,0.25376096367836,0.0602777935564518,2017
93,Somalia,5.15100002288818,0.0226431842893362,0.721151351928711,0.113989137113094,0.602126955986023,0.291631311178207,0.282410323619843,2017
94,Vietnam,5.07399988174438,0.788547575473785,1.27749133110046,0.652168989181519,0.571055591106415,0.234968051314354,0.0876332372426987,2017
95,Nigeria,5.07399988174438,0.783756256103516,1.21577048301697,0.0569157302379608,0.394952565431595,0.230947196483612,0.0261215660721064,2017
96,Tajikistan,5.04099988937378,0.524713635444641,1.27146327495575,0.529235124588013,0.471566706895828,0.248997643589973,0.146377146244049,2017
97,Bhutan,5.01100015640259,0.885416388511658,1.34012651443481,0.495879292488098,0.501537680625916,0.474054545164108,0.173380389809608,2017
98,Kyrgyzstan,5.00400018692017,0.596220076084137,1.39423859119415,0.553457796573639,0.454943388700485,0.42858037352562,0.0394391790032387,2017
99,Nepal,4.96199989318848,0.479820191860199,1.17928326129913,0.504130780696869,0.440305948257446,0.394096165895462,0.0729755461215973,2017
100,Mongolia,4.95499992370605,1.02723586559296,1.4930112361908,0.557783484458923,0.394143968820572,0.338464230298996,0.0329022891819477,2017
101,South Africa,4.8289999961853,1.05469870567322,1.38478863239288,0.187080070376396,0.479246735572815,0.139362379908562,0.0725094974040985,2017
102,Tunisia,4.80499982833862,1.00726580619812,0.868351459503174,0.613212049007416,0.289680689573288,0.0496933571994305,0.0867231488227844,2017
103,Palestinian Territories,4.77500009536743,0.716249227523804,1.15564715862274,0.565666973590851,0.25471106171608,0.114173173904419,0.0892826020717621,2017
104,Egypt,4.7350001335144,0.989701807498932,0.997471392154694,0.520187258720398,0.282110154628754,0.128631442785263,0.114381365478039,2017
105,Bulgaria,4.71400022506714,1.1614590883255,1.43437945842743,0.708217680454254,0.289231717586517,0.113177694380283,0.0110515309497714,2017
106,Sierra Leone,4.70900011062622,0.36842092871666,0.984136044979095,0.0055647538974881,0.318697690963745,0.293040901422501,0.0710951760411263,2017
107,Cameroon,4.69500017166138,0.564305365085602,0.946018218994141,0.132892116904259,0.430388748645782,0.236298456788063,0.0513066314160824,2017
108,Iran,4.69199991226196,1.15687310695648,0.711551249027252,0.639333188533783,0.249322608113289,0.387242913246155,0.048761073499918,2017
109,Albania,4.64400005340576,0.996192753314972,0.803685247898102,0.731159746646881,0.381498634815216,0.201312944293022,0.0398642159998417,2017
110,Bangladesh,4.60799980163574,0.586682975292206,0.735131740570068,0.533241033554077,0.478356659412384,0.172255352139473,0.123717859387398,2017
111,Namibia,4.57399988174438,0.964434325695038,1.0984708070755,0.33861181139946,0.520303547382355,0.0771337449550629,0.0931469723582268,2017
112,Kenya,4.55299997329712,0.560479462146759,1.06795072555542,0.309988349676132,0.452763766050339,0.444860309362411,0.0646413192152977,2017
113,Mozambique,4.55000019073486,0.234305649995804,0.870701014995575,0.106654435396194,0.480791091918945,0.322228103876114,0.179436385631561,2017
114,Myanmar,4.54500007629395,0.367110550403595,1.12323594093323,0.397522568702698,0.514492034912109,0.838075160980225,0.188816204667091,2017
115,Senegal,4.53499984741211,0.479309022426605,1.17969191074371,0.409362852573395,0.377922266721725,0.183468893170357,0.115460447967052,2017
116,Zambia,4.51399993896484,0.636406779289246,1.00318729877472,0.257835894823074,0.461603492498398,0.249580144882202,0.0782135501503944,2017
117,Iraq,4.49700021743774,1.10271048545837,0.978613197803497,0.501180469989777,0.288555532693863,0.19963726401329,0.107215754687786,2017
118,Gabon,4.46500015258789,1.1982102394104,1.1556202173233,0.356578588485718,0.312328577041626,0.0437853783369064,0.0760467872023582,2017
119,Ethiopia,4.46000003814697,0.339233845472336,0.86466920375824,0.353409707546234,0.408842742443085,0.312650740146637,0.165455713868141,2017
120,Sri Lanka,4.44000005722046,1.00985014438629,1.25997638702393,0.625130832195282,0.561213254928589,0.490863561630249,0.0736539661884308,2017
121,Armenia,4.37599992752075,0.900596737861633,1.00748372077942,0.637524425983429,0.198303267359734,0.0834880918264389,0.0266744215041399,2017
122,India,4.31500005722046,0.792221248149872,0.754372596740723,0.455427616834641,0.469987004995346,0.231538489460945,0.0922268852591515,2017
123,Mauritania,4.29199981689453,0.648457288742065,1.2720308303833,0.285349279642105,0.0960980430245399,0.201870024204254,0.136957004666328,2017
124,Congo (Brazzaville),4.29099988937378,0.808964252471924,0.832044363021851,0.28995743393898,0.435025870800018,0.120852127671242,0.0796181336045265,2017
125,Georgia,4.28599977493286,0.950612664222717,0.57061493396759,0.649546980857849,0.309410035610199,0.0540088154375553,0.251666635274887,2017
126,Congo (Kinshasa),4.28000020980835,0.0921023488044739,1.22902345657349,0.191407024860382,0.235961347818375,0.246455833315849,0.0602413564920425,2017
127,Mali,4.19000005722046,0.476180493831635,1.28147339820862,0.169365674257278,0.306613743305206,0.183354198932648,0.104970246553421,2017
128,Ivory Coast,4.17999982833862,0.603048920631409,0.904780030250549,0.0486421696841717,0.447706192731857,0.201237469911575,0.130061775445938,2017
129,Cambodia,4.16800022125244,0.601765096187592,1.00623834133148,0.429783403873444,0.633375823497772,0.385922968387604,0.0681059509515762,2017
130,Sudan,4.13899993896484,0.65951669216156,1.21400856971741,0.290920823812485,0.0149958552792668,0.182317450642586,0.089847519993782,2017
131,Ghana,4.11999988555908,0.667224824428558,0.873664736747742,0.295637726783752,0.423026293516159,0.256923943758011,0.0253363698720932,2017
132,Ukraine,4.09600019454956,0.89465194940567,1.39453756809235,0.575903952121735,0.122974775731564,0.270061463117599,0.0230294708162546,2017
133,Uganda,4.08099985122681,0.381430715322495,1.12982773780823,0.217632606625557,0.443185955286026,0.325766056776047,0.057069718837738,2017
134,Burkina Faso,4.03200006484985,0.3502277135849,1.04328000545502,0.215844258666039,0.324367851018906,0.250864684581757,0.120328105986118,2017
135,Niger,4.02799987792969,0.161925330758095,0.993025004863739,0.26850500702858,0.36365869641304,0.228673845529556,0.138572946190834,2017
136,Malawi,3.97000002861023,0.233442038297653,0.512568831443787,0.315089583396912,0.466914653778076,0.287170469760895,0.0727116540074348,2017
137,Chad,3.93600010871887,0.438012987375259,0.953855872154236,0.0411347150802612,0.16234202682972,0.216113850474358,0.0535818822681904,2017
138,Zimbabwe,3.875,0.375846534967422,1.08309590816498,0.196763753890991,0.336384207010269,0.189143493771553,0.0953753814101219,2017
139,Lesotho,3.80800008773804,0.521021246910095,1.19009518623352,0.0,0.390661299228668,0.157497271895409,0.119094640016556,2017
140,Angola,3.79500007629395,0.858428180217743,1.10441195964813,0.0498686656355858,0.0,0.097926490008831,0.0697203353047371,2017
141,Afghanistan,3.79399991035461,0.401477217674255,0.581543326377869,0.180746778845787,0.106179520487785,0.311870932579041,0.0611578300595284,2017
142,Botswana,3.76600003242493,1.12209415435791,1.22155499458313,0.341755509376526,0.505196332931519,0.0993484482169151,0.0985831990838051,2017
143,Benin,3.65700006484985,0.431085407733917,0.435299843549728,0.209930211305618,0.425962775945663,0.207948461174965,0.0609290152788162,2017
144,Madagascar,3.64400005340576,0.305808693170547,0.913020372390747,0.375223308801651,0.189196765422821,0.208732530474663,0.0672319754958153,2017
145,Haiti,3.6029999256134,0.368610262870789,0.640449821949005,0.277321130037308,0.0303698573261499,0.489203780889511,0.0998721495270729,2017
146,Yemen,3.59299993515015,0.591683447360992,0.93538224697113,0.310080915689468,0.249463722109795,0.104125209152699,0.0567674227058887,2017
147,South Sudan,3.59100008010864,0.39724862575531,0.601323127746582,0.163486003875732,0.147062435746193,0.285670816898346,0.116793513298035,2017
148,Liberia,3.53299999237061,0.119041793048382,0.872117936611176,0.229918196797371,0.332881182432175,0.26654988527298,0.0389482490718365,2017
149,Guinea,3.50699996948242,0.244549930095673,0.791244685649872,0.194129139184952,0.348587512969971,0.264815092086792,0.110937617719173,2017
150,Togo,3.49499988555908,0.305444717407227,0.431882530450821,0.247105568647385,0.38042613863945,0.196896150708199,0.0956650152802467,2017
151,Rwanda,3.47099995613098,0.368745893239975,0.945707023143768,0.326424807310104,0.581843852996826,0.252756029367447,0.455220013856888,2017
152,Syria,3.46199989318848,0.777153134346008,0.396102607250214,0.50053334236145,0.0815394446253777,0.493663728237152,0.151347130537033,2017
153,Tanzania,3.34899997711182,0.511135876178741,1.04198980331421,0.364509284496307,0.390017777681351,0.354256361722946,0.0660351067781448,2017
154,Burundi,2.90499997138977,0.091622568666935,0.629793584346771,0.151610791683197,0.0599007532000542,0.204435184597969,0.0841479450464249,2017
155,Central African Republic,2.69300007820129,0.0,0.0,0.0187726859003305,0.270842045545578,0.280876487493515,0.0565650761127472,2017
1,Finland,7.632,1.305,1.592,0.874,0.681,0.202,0.393,2018
2,Norway,7.594,1.456,1.582,0.861,0.686,0.286,0.34,2018
3,Denmark,7.555,1.351,1.59,0.868,0.683,0.284,0.408,2018
4,Iceland,7.495,1.343,1.644,0.914,0.677,0.353,0.138,2018
5,Switzerland,7.487,1.42,1.549,0.927,0.66,0.256,0.357,2018
6,Netherlands,7.441,1.361,1.488,0.878,0.638,0.333,0.295,2018
7,Canada,7.328,1.33,1.532,0.896,0.653,0.321,0.291,2018
8,New Zealand,7.324,1.268,1.601,0.876,0.669,0.365,0.389,2018
9,Sweden,7.314,1.355,1.501,0.913,0.659,0.285,0.383,2018
10,Australia,7.272,1.34,1.573,0.91,0.647,0.361,0.302,2018
11,United Kingdom,7.19,1.244,1.433,0.888,0.464,0.262,0.082,2018
12,Austria,7.139,1.341,1.504,0.891,0.617,0.242,0.224,2018
13,Costa Rica,7.072,1.01,1.459,0.817,0.632,0.143,0.101,2018
14,Ireland,6.977,1.448,1.583,0.876,0.614,0.307,0.306,2018
15,Germany,6.965,1.34,1.474,0.861,0.586,0.273,0.28,2018
16,Belgium,6.927,1.324,1.483,0.894,0.583,0.188,0.24,2018
17,Luxembourg,6.91,1.576,1.52,0.896,0.632,0.196,0.321,2018
18,United States,6.886,1.398,1.471,0.819,0.547,0.291,0.133,2018
19,Israel,6.814,1.301,1.559,0.883,0.533,0.354,0.272,2018
20,United Arab Emirates,6.774,2.096,0.776,0.67,0.284,0.186,0.11523097468019651,2018
21,Czech Republic,6.711,1.233,1.489,0.854,0.543,0.064,0.034,2018
22,Malta,6.627,1.27,1.525,0.884,0.645,0.376,0.142,2018
23,France,6.489,1.293,1.466,0.908,0.52,0.098,0.176,2018
24,Mexico,6.488,1.038,1.252,0.761,0.479,0.069,0.095,2018
25,Chile,6.476,1.131,1.331,0.808,0.431,0.197,0.061,2018
26,Taiwan,6.441,1.365,1.436,0.857,0.418,0.151,0.078,2018
27,Panama,6.43,1.112,1.438,0.759,0.597,0.125,0.063,2018
28,Brazil,6.419,0.986,1.474,0.675,0.493,0.11,0.088,2018
29,Argentina,6.388,1.073,1.468,0.744,0.57,0.062,0.054,2018
30,Guatemala,6.382,0.781,1.268,0.608,0.604,0.179,0.071,2018
31,Uruguay,6.379,1.093,1.459,0.771,0.625,0.13,0.155,2018
32,Qatar,6.374,1.649,1.303,0.748,0.654,0.256,0.171,2018
33,Saudi Arabia,6.371,1.379,1.331,0.633,0.509,0.098,0.127,2018
34,Singapore,6.343,1.529,1.451,1.008,0.631,0.261,0.457,2018
35,Malaysia,6.322,1.161,1.258,0.669,0.356,0.311,0.059,2018
36,Spain,6.31,1.251,1.538,0.965,0.449,0.142,0.074,2018
37,Colombia,6.26,0.96,1.439,0.635,0.531,0.099,0.039,2018
38,Trinidad & Tobago,6.192,1.223,1.492,0.564,0.575,0.171,0.019,2018
39,Slovakia,6.173,1.21,1.537,0.776,0.354,0.118,0.014,2018
40,El Salvador,6.167,0.806,1.231,0.639,0.461,0.065,0.082,2018
41,Nicaragua,6.141,0.668,1.319,0.7,0.527,0.208,0.128,2018
42,Poland,6.123,1.176,1.448,0.781,0.546,0.108,0.064,2018
43,Bahrain,6.105,1.338,1.366,0.698,0.594,0.243,0.123,2018
44,Uzbekistan,6.096,0.719,1.584,0.605,0.724,0.328,0.259,2018
45,Kuwait,6.083,1.474,1.301,0.675,0.554,0.167,0.106,2018
46,Thailand,6.072,1.016,1.417,0.707,0.637,0.364,0.029,2018
47,Italy,6.0,1.264,1.501,0.946,0.281,0.137,0.028,2018
48,Ecuador,5.973,0.889,1.33,0.736,0.556,0.114,0.12,2018
49,Belize,5.956,0.807,1.101,0.474,0.593,0.183,0.089,2018
50,Lithuania,5.952,1.197,1.527,0.716,0.35,0.026,0.006,2018
51,Slovenia,5.948,1.219,1.506,0.856,0.633,0.16,0.051,2018
52,Romania,5.945,1.116,1.219,0.726,0.528,0.088,0.001,2018
53,Latvia,5.933,1.148,1.454,0.671,0.363,0.092,0.066,2018
54,Japan,5.915,1.294,1.462,0.988,0.553,0.079,0.15,2018
55,Mauritius,5.891,1.09,1.387,0.684,0.584,0.245,0.05,2018
56,Jamaica,5.89,0.819,1.493,0.693,0.575,0.096,0.031,2018
57,South Korea,5.875,1.266,1.204,0.955,0.244,0.175,0.051,2018
58,Northern Cyprus,5.835,1.229,1.211,0.909,0.495,0.179,0.154,2018
59,Russia,5.81,1.151,1.479,0.599,0.399,0.065,0.025,2018
60,Kazakhstan,5.79,1.143,1.516,0.631,0.454,0.148,0.121,2018
61,Cyprus,5.762,1.229,1.191,0.909,0.423,0.202,0.035,2018
62,Bolivia,5.752,0.751,1.223,0.508,0.606,0.141,0.054,2018
63,Estonia,5.739,1.2,1.532,0.737,0.553,0.086,0.174,2018
64,Paraguay,5.681,0.835,1.522,0.615,0.541,0.162,0.074,2018
65,Peru,5.663,0.934,1.249,0.674,0.53,0.092,0.034,2018
66,Kosovo,5.662,0.855,1.23,0.578,0.448,0.274,0.023,2018
67,Moldova,5.64,0.657,1.301,0.62,0.232,0.171,0.0,2018
68,Turkmenistan,5.636,1.016,1.533,0.517,0.417,0.199,0.037,2018
69,Hungary,5.62,1.171,1.401,0.732,0.259,0.061,0.022,2018
70,Libya,5.566,0.985,1.35,0.553,0.496,0.116,0.148,2018
71,Philippines,5.524,0.775,1.312,0.513,0.643,0.12,0.105,2018
72,Honduras,5.504,0.62,1.205,0.622,0.459,0.197,0.074,2018
73,Belarus,5.483,1.039,1.498,0.7,0.307,0.101,0.154,2018
74,Turkey,5.483,1.148,1.38,0.686,0.324,0.106,0.109,2018
75,Pakistan,5.472,0.652,0.81,0.424,0.334,0.216,0.113,2018
76,Hong Kong,5.43,1.405,1.29,1.03,0.524,0.246,0.291,2018
77,Portugal,5.41,1.188,1.429,0.884,0.562,0.055,0.017,2018
78,Serbia,5.398,0.975,1.369,0.685,0.288,0.134,0.043,2018
79,Greece,5.358,1.154,1.202,0.879,0.131,0.0,0.044,2018
80,Lebanon,5.358,0.965,1.179,0.785,0.503,0.214,0.136,2018
81,Montenegro,5.347,1.017,1.279,0.729,0.259,0.111,0.081,2018
82,Croatia,5.321,1.115,1.161,0.737,0.38,0.12,0.039,2018
83,Dominican Republic,5.302,0.982,1.441,0.614,0.578,0.12,0.106,2018
84,Algeria,5.295,0.979,1.154,0.687,0.077,0.055,0.135,2018
85,Morocco,5.254,0.779,0.797,0.669,0.46,0.026,0.074,2018
86,China,5.246,0.989,1.142,0.799,0.597,0.029,0.103,2018
87,Azerbaijan,5.201,1.024,1.161,0.603,0.43,0.031,0.176,2018
88,Tajikistan,5.199,0.474,1.166,0.598,0.292,0.187,0.034,2018
89,Macedonia,5.185,0.959,1.239,0.691,0.394,0.173,0.052,2018
90,Jordan,5.161,0.822,1.265,0.645,0.468,0.13,0.134,2018
91,Nigeria,5.155,0.689,1.172,0.048,0.462,0.201,0.032,2018
92,Kyrgyzstan,5.131,0.53,1.416,0.594,0.54,0.281,0.035,2018
93,Bosnia and Herzegovina,5.129,0.915,1.078,0.758,0.28,0.216,0.0,2018
94,Mongolia,5.125,0.914,1.517,0.575,0.395,0.253,0.032,2018
95,Vietnam,5.103,0.715,1.365,0.702,0.618,0.177,0.079,2018
96,Indonesia,5.093,0.899,1.215,0.522,0.538,0.484,0.018,2018
97,Bhutan,5.082,0.796,1.335,0.527,0.541,0.364,0.171,2018
98,Somalia,4.982,0.0,0.712,0.115,0.674,0.238,0.282,2018
99,Cameroon,4.975,0.535,0.891,0.182,0.454,0.183,0.043,2018
100,Bulgaria,4.933,1.054,1.515,0.712,0.359,0.064,0.009,2018
101,Nepal,4.88,0.425,1.228,0.539,0.526,0.302,0.078,2018
102,Venezuela,4.806,0.996,1.469,0.657,0.133,0.056,0.052,2018
103,Gabon,4.758,1.036,1.164,0.404,0.356,0.032,0.052,2018
104,Palestinian Territories,4.743,0.642,1.217,0.602,0.266,0.086,0.076,2018
105,South Africa,4.724,0.94,1.41,0.33,0.516,0.103,0.056,2018
106,Iran,4.707,1.059,0.771,0.691,0.459,0.282,0.129,2018
107,Ivory Coast,4.671,0.541,0.872,0.08,0.467,0.146,0.103,2018
108,Ghana,4.657,0.592,0.896,0.337,0.499,0.212,0.029,2018
109,Senegal,4.631,0.429,1.117,0.433,0.406,0.138,0.082,2018
110,Laos,4.623,0.72,1.034,0.441,0.626,0.23,0.174,2018
111,Tunisia,4.592,0.9,0.906,0.69,0.271,0.04,0.063,2018
112,Albania,4.586,0.916,0.817,0.79,0.419,0.149,0.032,2018
113,Sierra Leone,4.571,0.256,0.813,0.0,0.355,0.238,0.053,2018
114,Congo (Brazzaville),4.559,0.682,0.811,0.343,0.514,0.091,0.077,2018
115,Bangladesh,4.5,0.532,0.85,0.579,0.58,0.153,0.144,2018
116,Sri Lanka,4.471,0.918,1.314,0.672,0.585,0.307,0.05,2018
117,Iraq,4.456,1.01,0.971,0.536,0.304,0.148,0.095,2018
118,Mali,4.447,0.37,1.233,0.152,0.367,0.139,0.056,2018
119,Namibia,4.441,0.874,1.281,0.365,0.519,0.051,0.064,2018
120,Cambodia,4.433,0.549,1.088,0.457,0.696,0.256,0.065,2018
121,Burkina Faso,4.424,0.314,1.097,0.254,0.312,0.175,0.128,2018
122,Egypt,4.419,0.885,1.025,0.553,0.312,0.092,0.107,2018
123,Mozambique,4.417,0.198,0.902,0.173,0.531,0.206,0.158,2018
124,Kenya,4.41,0.493,1.048,0.454,0.504,0.352,0.055,2018
125,Zambia,4.377,0.562,1.047,0.295,0.503,0.221,0.082,2018
126,Mauritania,4.356,0.557,1.245,0.292,0.129,0.134,0.093,2018
127,Ethiopia,4.35,0.308,0.95,0.391,0.452,0.22,0.146,2018
128,Georgia,4.34,0.853,0.592,0.643,0.375,0.038,0.215,2018
129,Armenia,4.321,0.816,0.99,0.666,0.26,0.077,0.028,2018
130,Myanmar,4.308,0.682,1.174,0.429,0.58,0.598,0.178,2018
131,Chad,4.301,0.358,0.907,0.053,0.189,0.181,0.06,2018
132,Congo (Kinshasa),4.245,0.069,1.136,0.204,0.312,0.197,0.052,2018
133,India,4.19,0.721,0.747,0.485,0.539,0.172,0.093,2018
134,Niger,4.166,0.131,0.867,0.221,0.39,0.175,0.099,2018
135,Uganda,4.161,0.322,1.09,0.237,0.45,0.259,0.061,2018
136,Benin,4.141,0.378,0.372,0.24,0.44,0.163,0.067,2018
137,Sudan,4.139,0.605,1.24,0.312,0.016,0.134,0.082,2018
138,Ukraine,4.103,0.793,1.413,0.609,0.163,0.187,0.011,2018
139,Togo,3.999,0.259,0.474,0.253,0.434,0.158,0.101,2018
140,Guinea,3.964,0.344,0.792,0.211,0.394,0.185,0.094,2018
141,Lesotho,3.808,0.472,1.215,0.079,0.423,0.116,0.112,2018
142,Angola,3.795,0.73,1.125,0.269,0.0,0.079,0.061,2018
143,Madagascar,3.774,0.262,0.908,0.402,0.221,0.155,0.049,2018
144,Zimbabwe,3.692,0.357,1.094,0.248,0.406,0.132,0.099,2018
145,Afghanistan,3.632,0.332,0.537,0.255,0.085,0.191,0.036,2018
146,Botswana,3.59,1.017,1.174,0.417,0.557,0.042,0.092,2018
147,Malawi,3.587,0.186,0.541,0.306,0.531,0.21,0.08,2018
148,Haiti,3.582,0.315,0.714,0.289,0.025,0.392,0.104,2018
149,Liberia,3.495,0.076,0.858,0.267,0.419,0.206,0.03,2018
150,Syria,3.462,0.689,0.382,0.539,0.088,0.376,0.144,2018
151,Rwanda,3.408,0.332,0.896,0.4,0.636,0.2,0.444,2018
152,Yemen,3.355,0.442,1.073,0.343,0.244,0.083,0.064,2018
153,Tanzania,3.303,0.455,0.991,0.381,0.481,0.27,0.097,2018
154,South Sudan,3.254,0.337,0.608,0.177,0.112,0.224,0.106,2018
155,Central African Republic,3.083,0.024,0.0,0.01,0.305,0.218,0.038,2018
156,Burundi,2.905,0.091,0.627,0.145,0.065,0.149,0.076,2018
1,Finland,7.769,1.34,1.587,0.986,0.596,0.153,0.393,2019
2,Denmark,7.6,1.383,1.573,0.996,0.592,0.252,0.41,2019
3,Norway,7.554,1.488,1.582,1.028,0.603,0.271,0.341,2019
4,Iceland,7.494,1.38,1.624,1.026,0.591,0.354,0.118,2019
5,Netherlands,7.488,1.396,1.522,0.999,0.557,0.322,0.298,2019
6,Switzerland,7.48,1.452,1.526,1.052,0.572,0.263,0.343,2019
7,Sweden,7.343,1.387,1.487,1.009,0.574,0.267,0.373,2019
8,New Zealand,7.307,1.303,1.557,1.026,0.585,0.33,0.38,2019
9,Canada,7.278,1.365,1.505,1.039,0.584,0.285,0.308,2019
10,Austria,7.246,1.376,1.475,1.016,0.532,0.244,0.226,2019
11,Australia,7.228,1.372,1.548,1.036,0.557,0.332,0.29,2019
12,Costa Rica,7.167,1.034,1.441,0.963,0.558,0.144,0.093,2019
13,Israel,7.139,1.276,1.455,1.029,0.371,0.261,0.082,2019
14,Luxembourg,7.09,1.609,1.479,1.012,0.526,0.194,0.316,2019
15,United Kingdom,7.054,1.333,1.538,0.996,0.45,0.348,0.278,2019
16,Ireland,7.021,1.499,1.553,0.999,0.516,0.298,0.31,2019
17,Germany,6.985,1.373,1.454,0.987,0.495,0.261,0.265,2019
18,Belgium,6.923,1.356,1.504,0.986,0.473,0.16,0.21,2019
19,United States,6.892,1.433,1.457,0.874,0.454,0.28,0.128,2019
20,Czech Republic,6.852,1.269,1.487,0.92,0.457,0.046,0.036,2019
21,United Arab Emirates,6.825,1.503,1.31,0.825,0.598,0.262,0.182,2019
22,Malta,6.726,1.3,1.52,0.999,0.564,0.375,0.151,2019
23,Mexico,6.595,1.07,1.323,0.861,0.433,0.074,0.073,2019
24,France,6.592,1.324,1.472,1.045,0.436,0.111,0.183,2019
25,Taiwan,6.446,1.368,1.43,0.914,0.351,0.242,0.097,2019
26,Chile,6.444,1.159,1.369,0.92,0.357,0.187,0.056,2019
27,Guatemala,6.436,0.8,1.269,0.746,0.535,0.175,0.078,2019
28,Saudi Arabia,6.375,1.403,1.357,0.795,0.439,0.08,0.132,2019
29,Qatar,6.374,1.684,1.313,0.871,0.555,0.22,0.167,2019
30,Spain,6.354,1.286,1.484,1.062,0.362,0.153,0.079,2019
31,Panama,6.321,1.149,1.442,0.91,0.516,0.109,0.054,2019
32,Brazil,6.3,1.004,1.439,0.802,0.39,0.099,0.086,2019
33,Uruguay,6.293,1.124,1.465,0.891,0.523,0.127,0.15,2019
34,Singapore,6.262,1.572,1.463,1.141,0.556,0.271,0.453,2019
35,El Salvador,6.253,0.794,1.242,0.789,0.43,0.093,0.074,2019
36,Italy,6.223,1.294,1.488,1.039,0.231,0.158,0.03,2019
37,Bahrain,6.199,1.362,1.368,0.871,0.536,0.255,0.11,2019
38,Slovakia,6.198,1.246,1.504,0.881,0.334,0.121,0.014,2019
39,Trinidad & Tobago,6.192,1.231,1.477,0.713,0.489,0.185,0.016,2019
40,Poland,6.182,1.206,1.438,0.884,0.483,0.117,0.05,2019
41,Uzbekistan,6.174,0.745,1.529,0.756,0.631,0.322,0.24,2019
42,Lithuania,6.149,1.238,1.515,0.818,0.291,0.043,0.042,2019
43,Colombia,6.125,0.985,1.41,0.841,0.47,0.099,0.034,2019
44,Slovenia,6.118,1.258,1.523,0.953,0.564,0.144,0.057,2019
45,Nicaragua,6.105,0.694,1.325,0.835,0.435,0.2,0.127,2019
46,Kosovo,6.1,0.882,1.232,0.758,0.489,0.262,0.006,2019
47,Argentina,6.086,1.092,1.432,0.881,0.471,0.066,0.05,2019
48,Romania,6.07,1.162,1.232,0.825,0.462,0.083,0.005,2019
49,Cyprus,6.046,1.263,1.223,1.042,0.406,0.19,0.041,2019
50,Ecuador,6.028,0.912,1.312,0.868,0.498,0.126,0.087,2019
51,Kuwait,6.021,1.5,1.319,0.808,0.493,0.142,0.097,2019
52,Thailand,6.008,1.05,1.409,0.828,0.557,0.359,0.028,2019
53,Latvia,5.94,1.187,1.465,0.812,0.264,0.075,0.064,2019
54,South Korea,5.895,1.301,1.219,1.036,0.159,0.175,0.056,2019
55,Estonia,5.893,1.237,1.528,0.874,0.495,0.103,0.161,2019
56,Jamaica,5.89,0.831,1.478,0.831,0.49,0.107,0.028,2019
57,Mauritius,5.888,1.12,1.402,0.798,0.498,0.215,0.06,2019
58,Japan,5.886,1.327,1.419,1.088,0.445,0.069,0.14,2019
59,Honduras,5.86,0.642,1.236,0.828,0.507,0.246,0.078,2019
60,Kazakhstan,5.809,1.173,1.508,0.729,0.41,0.146,0.096,2019
61,Bolivia,5.779,0.776,1.209,0.706,0.511,0.137,0.064,2019
62,Hungary,5.758,1.201,1.41,0.828,0.199,0.081,0.02,2019
63,Paraguay,5.743,0.855,1.475,0.777,0.514,0.184,0.08,2019
64,Northern Cyprus,5.718,1.263,1.252,1.042,0.417,0.191,0.162,2019
65,Peru,5.697,0.96,1.274,0.854,0.455,0.083,0.027,2019
66,Portugal,5.693,1.221,1.431,0.999,0.508,0.047,0.025,2019
67,Pakistan,5.653,0.677,0.886,0.535,0.313,0.22,0.098,2019
68,Russia,5.648,1.183,1.452,0.726,0.334,0.082,0.031,2019
69,Philippines,5.631,0.807,1.293,0.657,0.558,0.117,0.107,2019
70,Serbia,5.603,1.004,1.383,0.854,0.282,0.137,0.039,2019
71,Moldova,5.529,0.685,1.328,0.739,0.245,0.181,0.0,2019
72,Libya,5.525,1.044,1.303,0.673,0.416,0.133,0.152,2019
73,Montenegro,5.523,1.051,1.361,0.871,0.197,0.142,0.08,2019
74,Tajikistan,5.467,0.493,1.098,0.718,0.389,0.23,0.144,2019
75,Croatia,5.432,1.155,1.266,0.914,0.296,0.119,0.022,2019
76,Hong Kong,5.43,1.438,1.277,1.122,0.44,0.258,0.287,2019
77,Dominican Republic,5.425,1.015,1.401,0.779,0.497,0.113,0.101,2019
78,Bosnia and Herzegovina,5.386,0.945,1.212,0.845,0.212,0.263,0.006,2019
79,Turkey,5.373,1.183,1.36,0.808,0.195,0.083,0.106,2019
80,Malaysia,5.339,1.221,1.171,0.828,0.508,0.26,0.024,2019
81,Belarus,5.323,1.067,1.465,0.789,0.235,0.094,0.142,2019
82,Greece,5.287,1.181,1.156,0.999,0.067,0.0,0.034,2019
83,Mongolia,5.285,0.948,1.531,0.667,0.317,0.235,0.038,2019
84,North Macedonia,5.274,0.983,1.294,0.838,0.345,0.185,0.034,2019
85,Nigeria,5.265,0.696,1.111,0.245,0.426,0.215,0.041,2019
86,Kyrgyzstan,5.261,0.551,1.438,0.723,0.508,0.3,0.023,2019
87,Turkmenistan,5.247,1.052,1.538,0.657,0.394,0.244,0.028,2019
88,Algeria,5.211,1.002,1.16,0.785,0.086,0.073,0.114,2019
89,Morocco,5.208,0.801,0.782,0.782,0.418,0.036,0.076,2019
90,Azerbaijan,5.208,1.043,1.147,0.769,0.351,0.035,0.182,2019
91,Lebanon,5.197,0.987,1.224,0.815,0.216,0.166,0.027,2019
92,Indonesia,5.192,0.931,1.203,0.66,0.491,0.498,0.028,2019
93,China,5.191,1.029,1.125,0.893,0.521,0.058,0.1,2019
94,Vietnam,5.175,0.741,1.346,0.851,0.543,0.147,0.073,2019
95,Bhutan,5.082,0.813,1.321,0.604,0.457,0.37,0.167,2019
96,Cameroon,5.044,0.549,0.91,0.331,0.381,0.187,0.037,2019
97,Bulgaria,5.011,1.092,1.513,0.815,0.311,0.081,0.004,2019
98,Ghana,4.996,0.611,0.868,0.486,0.381,0.245,0.04,2019
99,Ivory Coast,4.944,0.569,0.808,0.232,0.352,0.154,0.09,2019
100,Nepal,4.913,0.446,1.226,0.677,0.439,0.285,0.089,2019
101,Jordan,4.906,0.837,1.225,0.815,0.383,0.11,0.13,2019
102,Benin,4.883,0.393,0.437,0.397,0.349,0.175,0.082,2019
103,Congo (Brazzaville),4.812,0.673,0.799,0.508,0.372,0.105,0.093,2019
104,Gabon,4.799,1.057,1.183,0.571,0.295,0.043,0.055,2019
105,Laos,4.796,0.764,1.03,0.551,0.547,0.266,0.164,2019
106,South Africa,4.722,0.96,1.351,0.469,0.389,0.13,0.055,2019
107,Albania,4.719,0.947,0.848,0.874,0.383,0.178,0.027,2019
108,Venezuela,4.707,0.96,1.427,0.805,0.154,0.064,0.047,2019
109,Cambodia,4.7,0.574,1.122,0.637,0.609,0.232,0.062,2019
110,Palestinian Territories,4.696,0.657,1.247,0.672,0.225,0.103,0.066,2019
111,Senegal,4.681,0.45,1.134,0.571,0.292,0.153,0.072,2019
112,Somalia,4.668,0.0,0.698,0.268,0.559,0.243,0.27,2019
113,Namibia,4.639,0.879,1.313,0.477,0.401,0.07,0.056,2019
114,Niger,4.628,0.138,0.774,0.366,0.318,0.188,0.102,2019
115,Burkina Faso,4.587,0.331,1.056,0.38,0.255,0.177,0.113,2019
116,Armenia,4.559,0.85,1.055,0.815,0.283,0.095,0.064,2019
117,Iran,4.548,1.1,0.842,0.785,0.305,0.27,0.125,2019
118,Guinea,4.534,0.38,0.829,0.375,0.332,0.207,0.086,2019
119,Georgia,4.519,0.886,0.666,0.752,0.346,0.043,0.164,2019
120,Gambia,4.516,0.308,0.939,0.428,0.382,0.269,0.167,2019
121,Kenya,4.509,0.512,0.983,0.581,0.431,0.372,0.053,2019
122,Mauritania,4.49,0.57,1.167,0.489,0.066,0.106,0.088,2019
123,Mozambique,4.466,0.204,0.986,0.39,0.494,0.197,0.138,2019
124,Tunisia,4.461,0.921,1.0,0.815,0.167,0.059,0.055,2019
125,Bangladesh,4.456,0.562,0.928,0.723,0.527,0.166,0.143,2019
126,Iraq,4.437,1.043,0.98,0.574,0.241,0.148,0.089,2019
127,Congo (Kinshasa),4.418,0.094,1.125,0.357,0.269,0.212,0.053,2019
128,Mali,4.39,0.385,1.105,0.308,0.327,0.153,0.052,2019
129,Sierra Leone,4.374,0.268,0.841,0.242,0.309,0.252,0.045,2019
130,Sri Lanka,4.366,0.949,1.265,0.831,0.47,0.244,0.047,2019
131,Myanmar,4.36,0.71,1.181,0.555,0.525,0.566,0.172,2019
132,Chad,4.35,0.35,0.766,0.192,0.174,0.198,0.078,2019
133,Ukraine,4.332,0.82,1.39,0.739,0.178,0.187,0.01,2019
134,Ethiopia,4.286,0.336,1.033,0.532,0.344,0.209,0.1,2019
135,Swaziland,4.212,0.811,1.149,0.0,0.313,0.074,0.135,2019
136,Uganda,4.189,0.332,1.069,0.443,0.356,0.252,0.06,2019
137,Egypt,4.166,0.913,1.039,0.644,0.241,0.076,0.067,2019
138,Zambia,4.107,0.578,1.058,0.426,0.431,0.247,0.087,2019
139,Togo,4.085,0.275,0.572,0.41,0.293,0.177,0.085,2019
140,India,4.015,0.755,0.765,0.588,0.498,0.2,0.085,2019
141,Liberia,3.975,0.073,0.922,0.443,0.37,0.233,0.033,2019
142,Comoros,3.973,0.274,0.757,0.505,0.142,0.275,0.078,2019
143,Madagascar,3.933,0.274,0.916,0.555,0.148,0.169,0.041,2019
144,Lesotho,3.802,0.489,1.169,0.168,0.359,0.107,0.093,2019
145,Burundi,3.775,0.046,0.447,0.38,0.22,0.176,0.18,2019
146,Zimbabwe,3.663,0.366,1.114,0.433,0.361,0.151,0.089,2019
147,Haiti,3.597,0.323,0.688,0.449,0.026,0.419,0.11,2019
148,Botswana,3.488,1.041,1.145,0.538,0.455,0.025,0.1,2019
149,Syria,3.462,0.619,0.378,0.44,0.013,0.331,0.141,2019
150,Malawi,3.41,0.191,0.56,0.495,0.443,0.218,0.089,2019
151,Yemen,3.38,0.287,1.163,0.463,0.143,0.108,0.077,2019
152,Rwanda,3.334,0.359,0.711,0.614,0.555,0.217,0.411,2019
153,Tanzania,3.231,0.476,0.885,0.499,0.417,0.276,0.147,2019
154,Afghanistan,3.203,0.35,0.517,0.361,0.0,0.158,0.025,2019
155,Central African Republic,3.083,0.026,0.0,0.105,0.225,0.235,0.035,2019
156,South Sudan,2.853,0.306,0.575,0.295,0.01,0.202,0.091,2019
